{
    "loss": 13.403203964233398,
    "accuracy": 0.48201438784599304
}