{
    "loss": 16.483076095581055,
    "accuracy": 0.5467625856399536
}